,precision,recall,f1-score,support
ky_hieu_tich,0.9966777408637874,0.9868421052631579,0.9917355371900827,304.0
ky_hieu_tong_can,0.9869706840390879,0.9967105263157895,0.9918166939443536,304.0
ky_hieu_tong_sigma_images,1.0,1.0,1.0,304.0
accuracy,0.9945175438596491,0.9945175438596491,0.9945175438596491,0.9945175438596491
macro avg,0.994549474967625,0.9945175438596491,0.9945174103781454,912.0
weighted avg,0.9945494749676251,0.9945175438596491,0.9945174103781453,912.0
